{
  "sidechain_tokens_off": {
    "rmsd": 0.3224858045578003,
    "bond_gt": 0.5658245086669922,
    "bond_pred": 0.559276282787323,
    "count": 0.28125,
    "type": 0.45492282135556167,
    "bottom": 0.15973512164918416,
    "ring": 0.9029296875,
    "composite": 0.5742366531339198
  },
  "sidechain_tokens_on": {
    "rmsd": 0.3215751051902771,
    "bond_gt": 0.5651550889015198,
    "bond_pred": 0.5591476559638977,
    "count": 0.28125,
    "type": 0.45549774520999853,
    "bottom": 0.16059399584790207,
    "ring": 0.9017578125,
    "composite": 0.5735056270783794
  }
}