{
  "best_epoch": 15,
  "best_metrics": {
    "atom_xy_mae": 0.010979175161992316,
    "atom_center_score_r3": 0.9991319105325774,
    "typed_center_score_r3": 0.4151320108809265,
    "atom_type_macro_f1_2d": 0.2586332480960061,
    "z_map_mae": 0.000996871261275345,
    "atom_z_mae_r3": 0.08928931948325258,
    "gt_center_type_acc": 0.8005851600961544,
    "gt_center_macro_f1": 0.7297384132788628,
    "gt_center_hetero_f1": 0.560785314508221,
    "gt_center_edge_precision": 0.9981625857543024,
    "gt_center_edge_recall": 1.0,
    "gt_center_edge_f1": 0.999076650442632,
    "peak_center_type_acc": 0.8184838349836961,
    "peak_center_macro_f1": 0.6564238765172826,
    "peak_center_hetero_f1": 0.8648838299146511,
    "peak_center_edge_precision": 0.6936243453204931,
    "peak_center_edge_recall": 0.986265467935891,
    "peak_center_edge_f1": 0.8138251878221758,
    "peak_center_shift_px": 1.6854451610845333,
    "gt_object_score": 0.8311760785082706,
    "peak_object_score": 0.8015716666098174
  },
  "epoch1_metrics": {
    "atom_xy_mae": 0.017365014798997436,
    "atom_center_score_r3": 0.9983198626747235,
    "typed_center_score_r3": 0.4088622488113754,
    "atom_type_macro_f1_2d": 0.19600224094198132,
    "z_map_mae": 0.0015617264641321071,
    "atom_z_mae_r3": 0.10033224782509492,
    "gt_center_type_acc": 0.7926709406544201,
    "gt_center_macro_f1": 0.7158239504229325,
    "gt_center_hetero_f1": 0.5419766500898906,
    "gt_center_edge_precision": 0.9996785690205686,
    "gt_center_edge_recall": 1.0,
    "gt_center_edge_f1": 0.9998387312727911,
    "peak_center_type_acc": 0.25381327006036297,
    "peak_center_macro_f1": 0.1991415071672996,
    "peak_center_hetero_f1": 0.22009380130944103,
    "peak_center_edge_precision": 0.6362486866899432,
    "peak_center_edge_recall": 0.9710600539236045,
    "peak_center_edge_f1": 0.7680629338225053,
    "peak_center_shift_px": 2.0514024100683304,
    "gt_object_score": 0.8226256891278161,
    "peak_object_score": 0.48491173863648973
  },
  "improvements": {
    "peak_object_score_delta": 0.31665992797332765,
    "peak_center_type_acc_delta": 0.5646705649233332,
    "peak_center_macro_f1_delta": 0.457282369349983,
    "peak_center_hetero_f1_delta": 0.6447900286052101,
    "peak_center_edge_f1_delta": 0.04576225399967049,
    "peak_center_shift_px_delta": -0.365957248983797,
    "atom_z_mae_r3_delta": -0.01104292834184234
  },
  "top_samples": [
    {
      "dataset_index": 207,
      "peak_object_score": 0.7428690164266617,
      "gt_object_score": 0.7402039666813108,
      "atom_center_score_r3": 0.9996343580159274,
      "typed_center_score_r3": 0.636248155073686,
      "atom_type_macro_f1_2d": 0.5850495804729214,
      "atom_z_mae_r3": 0.0006716901605779475,
      "peak_center_type_acc": 0.8787878787878788,
      "peak_center_macro_f1": 0.5897435897435898,
      "peak_center_hetero_f1": 0.0,
      "peak_center_edge_f1": 0.9487179487179488,
      "peak_center_shift_px": 0.9813582733281465,
      "gt_center_type_acc": 0.8181818181818182,
      "gt_center_macro_f1": 0.547008547008547,
      "gt_center_hetero_f1": 0.0,
      "gt_center_edge_f1": 1.0,
      "figure_path": "/root/autodl-tmp/micro/experiments/v19_object_joint_full15_all/review/samples/best_sample_0207.png"
    },
    {
      "dataset_index": 114,
      "peak_object_score": 0.7116045428689391,
      "gt_object_score": 0.7268162330972319,
      "atom_center_score_r3": 0.9995966706957136,
      "typed_center_score_r3": 0.5713224393980844,
      "atom_type_macro_f1_2d": 0.549344375431332,
      "atom_z_mae_r3": 0.0015239443097795759,
      "peak_center_type_acc": 0.8,
      "peak_center_macro_f1": 0.5566666666666668,
      "peak_center_hetero_f1": 0.0,
      "peak_center_edge_f1": 0.9285714285714286,
      "peak_center_shift_px": 1.2314657792129775,
      "gt_center_type_acc": 0.7714285714285715,
      "gt_center_macro_f1": 0.533471359558316,
      "gt_center_hetero_f1": 0.0,
      "gt_center_edge_f1": 1.0,
      "figure_path": ""
    },
    {
      "dataset_index": 36,
      "peak_object_score": 0.7062914751889798,
      "gt_object_score": 0.7186939679948907,
      "atom_center_score_r3": 0.9998014283180237,
      "typed_center_score_r3": 0.4399426102638245,
      "atom_type_macro_f1_2d": 0.4687719298245614,
      "atom_z_mae_r3": 0.0007375431060791016,
      "peak_center_type_acc": 0.72,
      "peak_center_macro_f1": 0.5444444444444444,
      "peak_center_hetero_f1": 0.0,
      "peak_center_edge_f1": 0.9818181818181818,
      "peak_center_shift_px": 0.8122854315746104,
      "gt_center_type_acc": 0.72,
      "gt_center_macro_f1": 0.5473684210526316,
      "gt_center_hetero_f1": 0.0,
      "gt_center_edge_f1": 1.0,
      "figure_path": ""
    },
    {
      "dataset_index": 505,
      "peak_object_score": 0.7033359211588052,
      "gt_object_score": 0.7190197906796896,
      "atom_center_score_r3": 0.9991354431424823,
      "typed_center_score_r3": 0.42837079507964,
      "atom_type_macro_f1_2d": 0.5555555555555555,
      "atom_z_mae_r3": 0.0017252990177699498,
      "peak_center_type_acc": 0.7142857142857143,
      "peak_center_macro_f1": 0.5555555555555555,
      "peak_center_hetero_f1": 0.0,
      "peak_center_edge_f1": 1.0,
      "peak_center_shift_px": 1.5683869520884393,
      "gt_center_type_acc": 0.7142857142857143,
      "gt_center_macro_f1": 0.5555555555555555,
      "gt_center_hetero_f1": 0.0,
      "gt_center_edge_f1": 1.0,
      "figure_path": ""
    },
    {
      "dataset_index": 206,
      "peak_object_score": 0.7032181550230103,
      "gt_object_score": 0.7511669889074385,
      "atom_center_score_r3": 0.9994744839090289,
      "typed_center_score_r3": 0.6362357103463375,
      "atom_type_macro_f1_2d": 0.5571315996847912,
      "atom_z_mae_r3": 0.0007377321069890803,
      "peak_center_type_acc": 0.8181818181818182,
      "peak_center_macro_f1": 0.5296296296296297,
      "peak_center_hetero_f1": 0.0,
      "peak_center_edge_f1": 0.9024390243902439,
      "peak_center_shift_px": 1.3621823947662084,
      "gt_center_type_acc": 0.8484848484848485,
      "gt_center_macro_f1": 0.5666666666666668,
      "gt_center_hetero_f1": 0.0,
      "gt_center_edge_f1": 1.0,
      "figure_path": ""
    }
  ],
  "bottom_samples": [
    {
      "dataset_index": 275,
      "peak_object_score": 0.4523971161964013,
      "gt_object_score": 0.5333521548417899,
      "atom_center_score_r3": 0.9994604174907391,
      "typed_center_score_r3": 0.230732078735645,
      "atom_type_macro_f1_2d": 0.11538461538461539,
      "atom_z_mae_r3": 0.27559353755070615,
      "peak_center_type_acc": 0.46153846153846156,
      "peak_center_macro_f1": 0.22916666666666669,
      "peak_center_hetero_f1": 0.0,
      "peak_center_edge_f1": 0.6153846153846153,
      "peak_center_shift_px": 2.3987089927439755,
      "gt_center_type_acc": 0.38461538461538464,
      "gt_center_macro_f1": 0.2153846153846154,
      "gt_center_hetero_f1": 0.0,
      "gt_center_edge_f1": 1.0,
      "figure_path": ""
    },
    {
      "dataset_index": 124,
      "peak_object_score": 0.4432944268829925,
      "gt_object_score": 0.5666265250507155,
      "atom_center_score_r3": 0.9998723225934165,
      "typed_center_score_r3": 0.14338885886328562,
      "atom_type_macro_f1_2d": 0.3678977272727273,
      "atom_z_mae_r3": 0.018481978348323276,
      "peak_center_type_acc": 0.25,
      "peak_center_macro_f1": 0.14479638009049772,
      "peak_center_hetero_f1": 0.0,
      "peak_center_edge_f1": 0.7012987012987013,
      "peak_center_shift_px": 2.121771873910203,
      "gt_center_type_acc": 0.35714285714285715,
      "gt_center_macro_f1": 0.23026315789473684,
      "gt_center_hetero_f1": 0.0,
      "gt_center_edge_f1": 1.0,
      "figure_path": ""
    },
    {
      "dataset_index": 150,
      "peak_object_score": 0.42770560457633744,
      "gt_object_score": 0.5081828730106354,
      "atom_center_score_r3": 0.9992518842220306,
      "typed_center_score_r3": 0.19989919662475586,