{
  "indices": [
    0,
    23,
    46,
    69,
    92,
    115,
    139,
    162,
    185,
    208,
    231,
    255
  ],
  "summary": {
    "v16d1": {
      "struct_fidelity_score": 0.42227222087501987,
      "atom_count_exact": 0.16666666666666666,
      "matched_heavy_atom_rmsd": 0.32405600262184936,
      "atom_type_acc": 0.48322985862999684,
      "heteroatom_f1": 0.0,
      "ring_complete_rate": 0.0,
      "attachment_edge_f1": 0.0,
      "bond_validity_pred_masked": 0.4774530840416749,
      "mean_n_atoms_pred": 35.083333333333336
    },
    "v18_slot_hard": {
      "struct_fidelity_score": 0.42768840674590697,
      "atom_count_exact": 0.16666666666666666,
      "matched_heavy_atom_rmsd": 0.32111458604534465,
      "atom_type_acc": 0.45350136442366856,
      "heteroatom_f1": 0.0,
      "ring_complete_rate": 0.0,
      "attachment_edge_f1": 0.0,
      "bond_validity_pred_masked": 0.5642399688561758,
      "mean_n_atoms_pred": 35.083333333333336
    },
    "v18_slot_graph": {
      "struct_fidelity_score": 0.4147633695913257,
      "atom_count_exact": 0.16666666666666666,
      "matched_heavy_atom_rmsd": 0.3341950022925933,
      "atom_type_acc": 0.4195187681617078,
      "heteroatom_f1": 0.0,
      "ring_complete_rate": 0.0,
      "attachment_edge_f1": 0.0,
      "bond_validity_pred_masked": 0.4982741077740987,
      "mean_n_atoms_pred": 35.083333333333336
    }
  },
  "per_sample": [
    {
      "sample_idx": 0,
      "image_path": "/root/autodl-tmp/micro/experiments/v18_visual_review/images/sample_00000.png",
      "models": {
        "v16d1": {
          "struct_fidelity_score": 0.41976443226779664,
          "atom_count_exact": 0.0,
          "matched_heavy_atom_rmsd": 0.25758224725723267,
          "atom_type_acc": 0.5,
          "heteroatom_f1": 0.0,
          "ring_complete_rate": 0.0,
          "attachment_edge_f1": 0.0,
          "bond_validity_pred_masked": 0.5038167834281921,
          "n_atoms_pred": 30
        },
        "v18_slot_hard": {
          "struct_fidelity_score": 0.4188120900456624,
          "atom_count_exact": 0.0,
          "matched_heavy_atom_rmsd": 0.2937450408935547,
          "atom_type_acc": 0.43333333333333335,
          "heteroatom_f1": 0.0,
          "ring_complete_rate": 0.0,
          "attachment_edge_f1": 0.0,
          "bond_validity_pred_masked": 0.6299212574958801,
          "n_atoms_pred": 30
        },
        "v18_slot_graph": {
          "struct_fidelity_score": 0.4108201606933789,
          "atom_count_exact": 0.0,
          "matched_heavy_atom_rmsd": 0.2770770490169525,
          "atom_type_acc": 0.43333333333333335,
          "heteroatom_f1": 0.0,
          "ring_complete_rate": 0.0,
          "attachment_edge_f1": 0.0,
          "bond_validity_pred_masked": 0.5249999761581421,
          "n_atoms_pred": 30
        }
      }
    },
    {
      "sample_idx": 23,
      "image_path": "/root/autodl-tmp/micro/experiments/v18_visual_review/images/sample_00023.png",
      "models": {
        "v16d1": {
          "struct_fidelity_score": 0.4192310107387732,
          "atom_count_exact": 0.0,
          "matched_heavy_atom_rmsd": 0.3089374005794525,
          "atom_type_acc": 0.4878048780487805,
          "heteroatom_f1": 0.0,
          "ring_complete_rate": 0.0,
          "attachment_edge_f1": 0.0,
          "bond_validity_pred_masked": 0.582524299621582,
          "n_atoms_pred": 42
        },
        "v18_slot_hard": {
          "struct_fidelity_score": 0.40084017035957,
          "atom_count_exact": 0.0,
          "matched_heavy_atom_rmsd": 0.33505725860595703,
          "atom_type_acc": 0.43902439024390244,
          "heteroatom_f1": 0.0,
          "ring_complete_rate": 0.0,
          "attachment_edge_f1": 0.0,
          "bond_validity_pred_masked": 0.5,
          "n_atoms_pred": 42
        },
        "v18_slot_graph": {
          "struct_fidelity_score": 0.39569838672305235,
          "atom_count_exact": 0.0,
          "matched_heavy_atom_rmsd": 0.32357528805732727,
          "atom_type_acc": 0.36585365853658536,
          "heteroatom_f1": 0.0,
          "ring_complete_rate": 0.0,
          "attachment_edge_f1": 0.0,
          "bond_validity_pred_masked": 0.5277777910232544,
          "n_atoms_pred": 42
        }
      }
    },
    {
      "sample_idx": 46,
      "image_path": "/root/autodl-tmp/micro/experiments/v18_visual_review/images/sample_00046.png",
      "models": {
        "v16d1": {
          "struct_fidelity_score": 0.3922640600522359,
          "atom_count_exact": 0.0,
          "matched_heavy_atom_rmsd": 0.5104517936706543,
          "atom_type_acc": 0.5208333333333334,
          "heteroatom_f1": 0.0,
          "ring_complete_rate": 0.0,
          "attachment_edge_f1": 0.0,
          "bond_validity_pred_masked": 0.5792349576950073,
          "n_atoms_pred": 48
        },
        "v18_slot_hard": {
          "struct_fidelity_score": 0.39539028939803444,
          "atom_count_exact": 0.0,
          "matched_heavy_atom_rmsd": 0.4966827929019928,
          "atom_type_acc": 0.5208333333333334,
          "heteroatom_f1": 0.0,
          "ring_complete_rate": 0.0,
          "attachment_edge_f1": 0.0,
          "bond_validity_pred_masked": 0.58984375,
          "n_atoms_pred": 48
        },
        "v18_slot_graph": {
          "struct_fidelity_score": 0.3741823351105054,
          "atom_count_exact": 0.0,
          "matched_heavy_atom_rmsd": 0.5128287672996521,
          "atom_type_acc": 0.4583333333333333,
          "heteroatom_f1": 0.0,
          "ring_complete_rate": 0.0,
          "attachment_edge_f1": 0.0,
          "bond_validity_pred_masked": 0.4819819927215576,
          "n_atoms_pred": 48
        }
      }
    },
    {
      "sample_idx": 69,
      "image_path": "/root/autodl-tmp/micro/experiments/v18_visual_review/images/sample_00069.png",
      "models": {
        "v16d1": {
          "struct_fidelity_score": 0.40424591835056034,
          "atom_count_exact": 0.0,
          "matched_heavy_atom_rmsd": 0.35108980536460876,
          "atom_type_acc": 0.46153846153846156,
          "heteroatom_f1": 0.0,
          "ring_complete_rate": 0.0,
          "attachment_edge_f1": 0.0,
          "bond_validity_pred_masked": 0.5512367486953735,
          "n_atoms_pred": 42
        },
        "v18_slot_hard": {
          "struct_fidelity_score": 0.40370145505382904,
          "atom_count_exact": 0.0,
          "matched_heavy_atom_rmsd": 0.3466666340827942,
          "atom_type_acc": 0.4358974358974359,
          "heteroatom_f1": 0.0,
          "ring_complete_rate": 0.0,
          "attachment_edge_f1": 0.0,
          "bond_validity_pred_masked": 0.5724906921386719,
          "n_atoms_pred": 42
        },
        "v18_slot_graph": {
          "struct_fidelity_score": 0.39583443935428353,
          "atom_count_exact": 0.0,
          "matched_heavy_atom_rmsd": 0.37988778948783875,
          "atom_type_acc": 0.46153846153846156,
          "heteroatom_f1": 0.0,
          "ring_complete_rate": 0.0,
          "attachment_edge_f1": 0.0,
          "bond_validity_pred_masked": 0.51031893491745,
          "n_atoms_pred": 42
        }
      }
    },
    {
      "sample_idx": 92,
      "image_path": "/root/autodl-tmp/micro/experiments/v18_visual_review/images/sample_00092.png",
      "models": {
        "v16d1": {
          "struct_fidelity_score": 0.5466758646816016,
          "atom_count_exact": 1.0,
          "matched_heavy_atom_rmsd": 0.16255375742912292,
          "atom_type_acc": 0.5625,
          "heteroatom_f1": 0.0,
          "ring_complete_rate": 0.0,
          "attachment_edge_f1": 0.0,
          "bond_validity_pred_masked": 0.4871794879436493,
          "n_atoms_pred": 16
        },
        "v18_slot_hard": {
          "struct_fidelity_score": 0.5332341613620519,
          "atom_count_exact": 1.0,
          "matched_heavy_atom_rmsd": 0.14301668107509613,
          "atom_type_acc": 0.4375,
          "heteroatom_f1": 0.0,
          "ring_complete_rate": 0.0,
          "attachment_edge_f1": 0.0,