{
  "checkpoint": "/root/autodl-tmp/micro/experiments/v20_graph_baseline_smoke/checkpoints/best_v20_graph_baseline.pt",
  "config_path": "/root/autodl-tmp/micro/config_v20_graph_baseline_medium10.json",
  "num_samples": 64,
  "mean_metrics": {
    "pred_object_score": 0.3497384755176187,
    "pred_object_3d_score": 0.45312825858796457,
    "pred_object_count_mae": 4.828125,
    "pred_object_count_score": 0.8183439338675225,
    "pred_object_center_score": 0.5231052820476534,
    "pred_object_type_acc": 0.5055061532035217,
    "pred_object_macro_f1": 0.17240352645120322,
    "pred_object_hetero_f1": 0.0,
    "pred_object_edge_f1": 0.199871888719933,
    "pred_object_edge_f1_robust": 0.15580357142857143,
    "pred_object_match_coverage_robust": 0.05755663967496167,
    "pred_object_graph_score": 0.3090218498090978,
    "pred_object_heavy_rmsd": 0.28553547931369394,
    "pred_object_z_mae": 0.49168251012451947
  },
  "std_metrics": {
    "pred_object_score": 0.03303376045247587,
    "pred_object_3d_score": 0.14403608901093626,
    "pred_object_count_mae": 3.0236292736337567,
    "pred_object_count_score": 0.10002787827528772,
    "pred_object_center_score": 0.04915535020158629,
    "pred_object_type_acc": 0.09343370230279605,
    "pred_object_macro_f1": 0.03838865934217616,
    "pred_object_hetero_f1": 0.0,
    "pred_object_edge_f1": 0.060654924270518835,
    "pred_object_edge_f1_robust": 0.3352458619378151,
    "pred_object_match_coverage_robust": 0.0480808859567402,
    "pred_object_graph_score": 0.03699725613903255,
    "pred_object_heavy_rmsd": 0.2317612549969643,
    "pred_object_z_mae": 0.2054943179306043
  },
  "best_sample": {
    "dataset_index": 32,
    "cid": "9990935",
    "gt_atom_count": 23,
    "pred_atom_count": 21,
    "pred_object_score": 0.413964614384257,
    "pred_object_3d_score": 0.5565917066262909,
    "pred_object_count_mae": 2.0,
    "pred_object_count_score": 0.9130434782608696,
    "pred_object_center_score": 0.5589022522880918,
    "pred_object_type_acc": 0.6666666666666666,
    "pred_object_macro_f1": 0.2,
    "pred_object_hetero_f1": 0.0,
    "pred_object_edge_f1": 0.2119815668202765,
    "pred_object_edge_f1_robust": 0.0,
    "pred_object_match_coverage_robust": 0.08695652173913043,
    "pred_object_graph_score": 0.34245441795231424,
    "pred_object_heavy_rmsd": 0.16420592367649078,
    "pred_object_z_mae": 0.4012453258037567,
    "figure_path": "/root/autodl-tmp/micro/experiments/v20_graph_baseline_smoke_eval/samples/graph_baseline_sample_0032.png"
  },
  "median_sample": {
    "dataset_index": 23,
    "cid": "9990756",
    "gt_atom_count": 24,
    "pred_atom_count": 21,
    "pred_object_score": 0.35017429578109494,
    "pred_object_3d_score": 0.3182340797410027,
    "pred_object_count_mae": 3.0,
    "pred_object_count_score": 0.875,
    "pred_object_center_score": 0.49591798299834844,
    "pred_object_type_acc": 0.42857142857142855,
    "pred_object_macro_f1": 0.19354838709677416,
    "pred_object_hetero_f1": 0.0,
    "pred_object_edge_f1": 0.2413793103448276,
    "pred_object_edge_f1_robust": 0.0,
    "pred_object_match_coverage_robust": 0.041666666666666664,
    "pred_object_graph_score": 0.3419424360400445,
    "pred_object_heavy_rmsd": 0.5608003735542297,
    "pred_object_z_mae": 0.47277215123176575,
    "figure_path": "/root/autodl-tmp/micro/experiments/v20_graph_baseline_smoke_eval/samples/graph_baseline_sample_0023.png"
  },
  "worst_sample": {
    "dataset_index": 52,
    "cid": "9991701",
    "gt_atom_count": 29,
    "pred_atom_count": 21,
    "pred_object_score": 0.23817716917193055,
    "pred_object_3d_score": 0.16267394987967213,
    "pred_object_count_mae": 8.0,
    "pred_object_count_score": 0.7241379310344828,
    "pred_object_center_score": 0.47285002044269014,
    "pred_object_type_acc": 0.3333333333333333,
    "pred_object_macro_f1": 0.11290322580645161,
    "pred_object_hetero_f1": 0.0,
    "pred_object_edge_f1": 0.0,
    "pred_object_edge_f1_robust": 0.0,
    "pred_object_match_coverage_robust": 0.0,
    "pred_object_graph_score": 0.20361512791991102,
    "pred_object_heavy_rmsd": 0.8563376665115356,
    "pred_object_z_mae": 0.9169117212295532,
    "figure_path": "/root/autodl-tmp/micro/experiments/v20_graph_baseline_smoke_eval/samples/graph_baseline_sample_0052.png"
  },
  "top5_samples": [
    {
      "dataset_index": 32,
      "cid": "9990935",
      "gt_atom_count": 23,
      "pred_atom_count": 21,
      "pred_object_score": 0.413964614384257,
      "pred_object_3d_score": 0.5565917066262909,
      "pred_object_count_mae": 2.0,
      "pred_object_count_score": 0.9130434782608696,
      "pred_object_center_score": 0.5589022522880918,
      "pred_object_type_acc": 0.6666666666666666,
      "pred_object_macro_f1": 0.2,
      "pred_object_hetero_f1": 0.0,
      "pred_object_edge_f1": 0.2119815668202765,
      "pred_object_edge_f1_robust": 0.0,
      "pred_object_match_coverage_robust": 0.08695652173913043,
      "pred_object_graph_score": 0.34245441795231424,
      "pred_object_heavy_rmsd": 0.16420592367649078,
      "pred_object_z_mae": 0.4012453258037567,
      "figure_path": "/root/autodl-tmp/micro/experiments/v20_graph_baseline_smoke_eval/samples/graph_baseline_sample_0032.png"
    },
    {
      "dataset_index": 3,
      "cid": "9990187",
      "gt_atom_count": 26,
      "pred_atom_count": 19,
      "pred_object_score": 0.40125170589833487,
      "pred_object_3d_score": 0.6139799397992105,
      "pred_object_count_mae": 7.0,
      "pred_object_count_score": 0.7307692307692308,
      "pred_object_center_score": 0.5169476380473689,
      "pred_object_type_acc": 0.6842105263157895,
      "pred_object_macro_f1": 0.2626262626262626,
      "pred_object_hetero_f1": 0.0,
      "pred_object_edge_f1": 0.21105527638190955,
      "pred_object_edge_f1_robust": 0.0,
      "pred_object_match_coverage_robust": 0.07692307692307693,
      "pred_object_graph_score": 0.3090869069512286,
      "pred_object_heavy_rmsd": 0.12365887314081192,
      "pred_object_z_mae": 0.22787681221961975,
      "figure_path": ""
    },
    {
      "dataset_index": 53,
      "cid": "9991771",
      "gt_atom_count": 24,
      "pred_atom_count": 21,
      "pred_object_score": 0.39769754839288385,
      "pred_object_3d_score": 0.5851893365247064,
      "pred_object_count_mae": 3.0,
      "pred_object_count_score": 0.875,
      "pred_object_center_score": 0.628824341864813,
      "pred_object_type_acc": 0.6190476190476191,
      "pred_object_macro_f1": 0.1911764705882353,
      "pred_object_hetero_f1": 0.0,
      "pred_object_edge_f1": 0.21004566210045664,
      "pred_object_edge_f1_robust": 0.0,
      "pred_object_match_coverage_robust": 0.16666666666666666,
      "pred_object_graph_score": 0.33050127585280686,
      "pred_object_heavy_rmsd": 0.13910715281963348,
      "pred_object_z_mae": 0.3450435996055603,
      "figure_path": ""
    },
    {
      "dataset_index": 58,
      "cid": "9991859",
      "gt_atom_count": 26,
      "pred_atom_count": 21,
      "pred_object_score": 0.394000059927199,
      "pred_object_3d_score": 0.5988096224763928,
      "pred_object_count_mae": 5.0,
      "pred_object_count_score": 0.8076923076923077,
      "pred_object_center_score": 0.5815104189373198,
      "pred_object_type_acc": 0.6190476190476191,
      "pred_object_macro_f1": 0.24761904761904766,
      "pred_object_hetero_f1": 0.0,
      "pred_object_edge_f1": 0.19742489270386265,
      "pred_object_edge_f1_robust": 0.8,
      "pred_object_match_coverage_robust": 0.11538461538461539,
      "pred_object_graph_score": 0.32054559889323836,
      "pred_object_heavy_rmsd": 0.11113077402114868,
      "pred_object_z_mae": 0.36187615990638733,
      "figure_path": ""
    },
    {
      "dataset_index": 61,
      "cid": "9991950",
      "gt_atom_count": 28,
      "pred_atom_count": 19,
      "pred_object_score": 0.3937488241451979,
      "pred_object_3d_score": 0.6105982001034342,
      "pred_object_count_mae": 9.0,