{
  "split": "val",
  "results": [
    {
      "name": "v17_bridge_b",
      "checkpoint": "/root/autodl-tmp/micro/src/../experiments/v17_bridge_b_debug/checkpoints/best_gen.pt",
      "config_override": "/root/autodl-tmp/micro/src/../config_v17_bridge_b_eval.json",
      "split": "val",
      "visual_pass_rate": 0.0,
      "visual_recon_score": 0.4957420229911804,
      "global_shape_score": 0.2191736251115799,
      "ring_scaffold_score": 0.8974609375000001,
      "local_chem_score": 0.566572368144989,
      "atom_semantic_score": 0.38516348600387573,
      "occluded_recovery_score": 0.08439352363348007,
      "symm_rmsd": 0.33851906657218933,
      "norm_rmsd": 0.2965049743652344,
      "shape_tanimoto": 0.286371111869812,
      "shape_protrude": 0.4956762492656708,
      "bond_validity_pred": 0.6663404107093811,
      "heteroatom_f1": 0.0007812500116415322,
      "atom_type_acc": 0.4352882665255456,
      "atom_count_abs_error": 1.3515625,
      "count_exact_match": 0.28125,
      "composite_score_legacy": 0.5799522626519521
    },
    {
      "name": "v17_pred_count_v2",
      "checkpoint": "/root/autodl-tmp/micro/src/../experiments/v17_pred_count_debug_v2/checkpoints/best_gen.pt",
      "config_override": "/root/autodl-tmp/micro/src/../config_v17_pred_count_eval.json",
      "split": "val",
      "visual_pass_rate": 0.0,
      "visual_recon_score": 0.4867461621761322,
      "global_shape_score": 0.18495450913906097,
      "ring_scaffold_score": 0.9142578125,
      "local_chem_score": 0.5384419560432434,
      "atom_semantic_score": 0.4193662106990814,
      "occluded_recovery_score": 0.08791463822126389,
      "symm_rmsd": 0.39895421266555786,
      "norm_rmsd": 0.3716122806072235,
      "shape_tanimoto": 0.25908780097961426,
      "shape_protrude": 0.5525169372558594,
      "bond_validity_pred": 0.6358410120010376,
      "heteroatom_f1": 0.00390625,
      "atom_type_acc": 0.41415432961477516,
      "atom_count_abs_error": 0.9296875,
      "count_exact_match": 0.375,
      "composite_score_legacy": 0.5835905462213061
    },
    {
      "name": "v16d1_debug",
      "checkpoint": "/root/autodl-tmp/micro/src/../experiments/v16d1_debug/checkpoints/best_gen.pt",
      "config_override": null,
      "split": "val",
      "visual_pass_rate": 0.0,
      "visual_recon_score": 0.4641006886959076,
      "global_shape_score": 0.20675617456436157,
      "ring_scaffold_score": 0.8677734374999999,
      "local_chem_score": 0.4693315625190735,
      "atom_semantic_score": 0.42585238814353943,
      "occluded_recovery_score": 0.04537750780582428,
      "symm_rmsd": 0.30037471652030945,
      "norm_rmsd": 0.3187173306941986,
      "shape_tanimoto": 0.2739604711532593,
      "shape_protrude": 0.4583158791065216,
      "bond_validity_pred": 0.5448876023292542,
      "heteroatom_f1": 0.0039569661021232605,
      "atom_type_acc": 0.4107442348892052,
      "atom_count_abs_error": 0.80078125,
      "count_exact_match": 0.38671875,
      "composite_score_legacy": 0.555979286527547
    },
    {
      "name": "v17_bridge_closed_loop_comp",
      "checkpoint": "/root/autodl-tmp/micro/src/../experiments/v17_bridge_token_closed_loop_debug/checkpoints/best_gen.pt",
      "config_override": "/root/autodl-tmp/micro/src/../config_v17_bridge_token_comp_eval.json",
      "split": "val",
      "visual_pass_rate": 0.0,
      "visual_recon_score": 0.457394003868103,
      "global_shape_score": 0.21363849937915802,
      "ring_scaffold_score": 0.8517578125,
      "local_chem_score": 0.4148169755935669,
      "atom_semantic_score": 0.4747650623321533,
      "occluded_recovery_score": 0.08367370069026947,
      "symm_rmsd": 0.29579177498817444,
      "norm_rmsd": 0.2711590528488159,
      "shape_tanimoto": 0.26953360438346863,
      "shape_protrude": 0.43064600229263306,
      "bond_validity_pred": 0.47180503606796265,
      "heteroatom_f1": 0.0058488063514232635,
      "atom_type_acc": 0.46498636685130945,
      "atom_count_abs_error": 0.71875,
      "count_exact_match": 0.5078125,
      "composite_score_legacy": 0.5557249805683149
    },
    {
      "name": "v16c_train",
      "checkpoint": "/root/autodl-tmp/micro/src/../experiments/v16c_train/checkpoints/best_gen.pt",
      "config_override": "/root/autodl-tmp/micro/src/../config_v16c_train.json",
      "split": "val",
      "visual_pass_rate": 0.0,
      "visual_recon_score": 0.4338058829307556,
      "global_shape_score": 0.22861415147781372,
      "ring_scaffold_score": 0.8240234375,
      "local_chem_score": 0.3699150085449219,
      "atom_semantic_score": 0.3802981674671173,
      "occluded_recovery_score": 0.07644779235124588,
      "symm_rmsd": 0.28767627477645874,
      "norm_rmsd": 0.30026334524154663,
      "shape_tanimoto": 0.2745833694934845,
      "shape_protrude": 0.34611570835113525,
      "bond_validity_pred": 0.4408813714981079,
      "heteroatom_f1": 0.00048828125,
      "atom_type_acc": 0.3855578298077249,
      "atom_count_abs_error": 1.0234375,
      "count_exact_match": 0.30859375,
      "composite_score_legacy": 0.5349702171096372
    }
  ]
}