{
  "best_epoch": 12,
  "best_metrics": {
    "atom_xy_mae": 0.0165944570035208,
    "atom_center_score_r3": 0.9989580163269031,
    "typed_center_score_r3": 0.40697146406921303,
    "atom_type_macro_f1_2d": 0.1841856412284637,
    "z_map_mae": 0.0014360885712036975,
    "atom_z_mae_r3": 0.09874399276981738,
    "gt_center_type_acc": 0.9597141592413765,
    "gt_center_macro_f1": 0.9107337253742905,
    "gt_center_hetero_f1": 0.9184277459583843,
    "gt_center_edge_precision": 0.9989871653814527,
    "gt_center_edge_recall": 1.0,
    "gt_center_edge_f1": 0.9994922818508145,
    "peak_center_type_acc": 0.7256637206508757,
    "peak_center_macro_f1": 0.5623057671277418,
    "peak_center_hetero_f1": 0.5673996331916452,
    "peak_center_edge_precision": 0.671637067200506,
    "peak_center_edge_recall": 0.9852571042439418,
    "peak_center_edge_f1": 0.7981287573219665,
    "peak_center_shift_px": 2.004945866258403,
    "gt_object_score": 0.9476591234720697,
    "peak_object_score": 0.7170683390675565
  },
  "epoch1_metrics": {
    "atom_xy_mae": 0.02860242674978508,
    "atom_center_score_r3": 0.9908824097351278,
    "typed_center_score_r3": 0.4217087237791266,
    "atom_type_macro_f1_2d": 0.1533144392757827,
    "z_map_mae": 0.003072235369600662,
    "atom_z_mae_r3": 0.14418170858857213,
    "gt_center_type_acc": 0.8896806781018317,
    "gt_center_macro_f1": 0.779565821788745,
    "gt_center_hetero_f1": 0.6786250590853057,
    "gt_center_edge_precision": 0.999888675836714,
    "gt_center_edge_recall": 0.9997703945947436,
    "gt_center_edge_f1": 0.9998292237050234,
    "peak_center_type_acc": 0.32311275327572386,
    "peak_center_macro_f1": 0.21056351516954247,
    "peak_center_hetero_f1": 0.27567753099692593,
    "peak_center_edge_precision": 0.6329227171918854,
    "peak_center_edge_recall": 0.7357616571145138,
    "peak_center_edge_f1": 0.6799284996202037,
    "peak_center_shift_px": 2.8937959748458857,
    "gt_object_score": 0.8673555317729834,
    "peak_object_score": 0.4762582729189868
  },
  "improvements": {
    "peak_object_score_delta": 0.2408100661485697,
    "peak_center_type_acc_delta": 0.40255096737515184,
    "peak_center_macro_f1_delta": 0.35174225195819936,
    "peak_center_hetero_f1_delta": 0.2917221021947193,
    "peak_center_edge_f1_delta": 0.11820025770176279,
    "peak_center_shift_px_delta": -0.8888501085874827,
    "atom_z_mae_r3_delta": -0.04543771581875475
  },
  "top_samples": [
    {
      "dataset_index": 505,
      "peak_object_score": 0.9538132976476277,
      "gt_object_score": 0.9107115201155346,
      "atom_center_score_r3": 0.9993326791695186,
      "typed_center_score_r3": 0.4284992218017578,
      "atom_type_macro_f1_2d": 0.24999999999999997,
      "atom_z_mae_r3": 0.0011484452656337193,
      "peak_center_type_acc": 1.0,
      "peak_center_macro_f1": 1.0,
      "peak_center_hetero_f1": 1.0,
      "peak_center_edge_f1": 0.8571428571428571,
      "peak_center_shift_px": 1.7374412944097437,
      "gt_center_type_acc": 0.9285714285714286,
      "gt_center_macro_f1": 0.7272727272727273,
      "gt_center_hetero_f1": 0.888888888888889,
      "gt_center_edge_f1": 1.0,
      "figure_path": "experiments/v19_object_joint_full6h/review/samples/best_sample_0505.png"
    },
    {
      "dataset_index": 487,
      "peak_object_score": 0.9239515075594629,
      "gt_object_score": 0.9904765809735944,
      "atom_center_score_r3": 0.9998139931309608,
      "typed_center_score_r3": 0.48194789958295353,
      "atom_type_macro_f1_2d": 0.17777777777777778,
      "atom_z_mae_r3": 0.06786498715800623,
      "peak_center_type_acc": 0.9354838709677419,
      "peak_center_macro_f1": 0.9641025641025641,
      "peak_center_hetero_f1": 1.0,
      "peak_center_edge_f1": 0.8607594936708861,
      "peak_center_shift_px": 1.6585987863775977,
      "gt_center_type_acc": 1.0,
      "gt_center_macro_f1": 1.0,
      "gt_center_hetero_f1": 1.0,
      "gt_center_edge_f1": 1.0,
      "figure_path": ""
    },
    {
      "dataset_index": 481,
      "peak_object_score": 0.9094983555812074,
      "gt_object_score": 0.872167079458525,
      "atom_center_score_r3": 0.9999252979954084,
      "typed_center_score_r3": 0.4166493465500949,
      "atom_type_macro_f1_2d": 0.18965517241379312,
      "atom_z_mae_r3": 0.0749199390411377,
      "peak_center_type_acc": 0.9166666666666666,
      "peak_center_macro_f1": 0.9353146853146853,
      "peak_center_hetero_f1": 0.923076923076923,
      "peak_center_edge_f1": 0.8852459016393442,
      "peak_center_shift_px": 1.525819724547944,
      "gt_center_type_acc": 0.875,
      "gt_center_macro_f1": 0.6695804195804196,
      "gt_center_hetero_f1": 0.8571428571428571,
      "gt_center_edge_f1": 1.0,
      "figure_path": ""
    },
    {
      "dataset_index": 148,
      "peak_object_score": 0.8977392795118053,
      "gt_object_score": 0.9997793226771885,
      "atom_center_score_r3": 0.9998312813264353,
      "typed_center_score_r3": 0.5555497849429095,
      "atom_type_macro_f1_2d": 0.3076923076923077,
      "atom_z_mae_r3": 0.0014316505855984157,
      "peak_center_type_acc": 0.9629629629629629,
      "peak_center_macro_f1": 0.873015873015873,
      "peak_center_hetero_f1": 0.6666666666666666,
      "peak_center_edge_f1": 0.9523809523809523,
      "peak_center_shift_px": 1.6431577556917463,
      "gt_center_type_acc": 1.0,
      "gt_center_macro_f1": 1.0,
      "gt_center_hetero_f1": 1.0,
      "gt_center_edge_f1": 1.0,
      "figure_path": ""
    },
    {
      "dataset_index": 366,
      "peak_object_score": 0.8928012113928794,
      "gt_object_score": 0.999925857890736,
      "atom_center_score_r3": 0.999932693712639,
      "typed_center_score_r3": 0.5454510721293363,
      "atom_type_macro_f1_2d": 0.1914893617021277,
      "atom_z_mae_r3": 0.00047189539129083806,
      "peak_center_type_acc": 0.8484848484848485,
      "peak_center_macro_f1": 0.873015873015873,
      "peak_center_hetero_f1": 0.923076923076923,
      "peak_center_edge_f1": 0.8888888888888891,
      "peak_center_shift_px": 1.4401813775023928,
      "gt_center_type_acc": 1.0,
      "gt_center_macro_f1": 1.0,
      "gt_center_hetero_f1": 1.0,
      "gt_center_edge_f1": 1.0,
      "figure_path": ""
    }
  ],
  "bottom_samples": [
    {
      "dataset_index": 170,
      "peak_object_score": 0.49389163517641504,
      "gt_object_score": 0.9480918593445287,
      "atom_center_score_r3": 0.9997364125753704,
      "typed_center_score_r3": 0.3144289537480003,
      "atom_type_macro_f1_2d": 0.1919191919191919,
      "atom_z_mae_r3": 0.155971602389687,
      "peak_center_type_acc": 0.3684210526315789,
      "peak_center_macro_f1": 0.2065934065934066,
      "peak_center_hetero_f1": 0.18181818181818182,
      "peak_center_edge_f1": 0.7307692307692308,
      "peak_center_shift_px": 1.8715918999598002,
      "gt_center_type_acc": 0.9473684210526315,
      "gt_center_macro_f1": 0.958041958041958,
      "gt_center_hetero_f1": 0.923076923076923,
      "gt_center_edge_f1": 1.0,
      "figure_path": ""
    },
    {
      "dataset_index": 287,
      "peak_object_score": 0.4799631693574926,
      "gt_object_score": 0.9733241012692452,
      "atom_center_score_r3": 0.9980579887827238,
      "typed_center_score_r3": 0.41648685932159424,
      "atom_type_macro_f1_2d": 0.45743989603638724,
      "atom_z_mae_r3": 0.18887755274772644,
      "peak_center_type_acc": 0.5,
      "peak_center_macro_f1": 0.24060150375939848,
      "peak_center_hetero_f1": 0.0,
      "peak_center_edge_f1": 0.6666666666666667,
      "peak_center_shift_px": 2.9626596072153526,
      "gt_center_type_acc": 1.0,
      "gt_center_macro_f1": 1.0,
      "gt_center_hetero_f1": 1.0,
      "gt_center_edge_f1": 1.0,
      "figure_path": ""
    },
    {
      "dataset_index": 378,
      "peak_object_score": 0.4785203804917253,
      "gt_object_score": 0.8019943094253539,
      "atom_center_score_r3": 0.9999525785446167,
      "typed_center_score_r3": 0.04355561270931503,
      "atom_type_macro_f1_2d": 0.2222222222222222,