{
  "checkpoint": "/root/autodl-tmp/micro/experiments/v20_graph_baseline_medium10/checkpoints/best_v20_graph_baseline.pt",
  "config_path": "/root/autodl-tmp/micro/config_v20_graph_baseline_medium10.json",
  "num_samples": 512,
  "mean_metrics": {
    "pred_object_score": 0.5413859578528342,
    "pred_object_3d_score": 0.5424971256324634,
    "pred_object_count_mae": 1.4765625,
    "pred_object_count_score": 0.9542846655362485,
    "pred_object_center_score": 0.6235149596459311,
    "pred_object_type_acc": 0.4874154424112841,
    "pred_object_macro_f1": 0.29986267783353915,
    "pred_object_hetero_f1": 0.4476163205376516,
    "pred_object_edge_f1": 0.5904933289496186,
    "pred_object_edge_f1_robust": 0.9707544967781885,
    "pred_object_match_coverage_robust": 0.4956807185753514,
    "pred_object_graph_score": 0.5947396311906668,
    "pred_object_heavy_rmsd": 0.275732026229889,
    "pred_object_z_mae": 0.34942499599992516
  },
  "std_metrics": {
    "pred_object_score": 0.11036099875996626,
    "pred_object_3d_score": 0.1515614795748619,
    "pred_object_count_mae": 2.2928722562745945,
    "pred_object_count_score": 0.056220217207163116,
    "pred_object_center_score": 0.0824978459286362,
    "pred_object_type_acc": 0.09930095399790283,
    "pred_object_macro_f1": 0.14528583204187365,
    "pred_object_hetero_f1": 0.28327522492486285,
    "pred_object_edge_f1": 0.15009556963232198,
    "pred_object_edge_f1_robust": 0.1465444477755534,
    "pred_object_match_coverage_robust": 0.15444240767803127,
    "pred_object_graph_score": 0.12398406550624694,
    "pred_object_heavy_rmsd": 0.17246662589996017,
    "pred_object_z_mae": 0.5217659877337624
  },
  "best_sample": {
    "dataset_index": 443,
    "cid": "9942181",
    "gt_atom_count": 16,
    "pred_atom_count": 16,
    "pred_object_score": 0.8372104259730309,
    "pred_object_3d_score": 0.8988119162562088,
    "pred_object_count_mae": 0.0,
    "pred_object_count_score": 1.0,
    "pred_object_center_score": 0.7497640750161736,
    "pred_object_type_acc": 0.75,
    "pred_object_macro_f1": 0.6944444444444443,
    "pred_object_hetero_f1": 1.0,
    "pred_object_edge_f1": 0.8666666666666666,
    "pred_object_edge_f1_robust": 1.0,
    "pred_object_match_coverage_robust": 0.75,
    "pred_object_graph_score": 0.892222222222222,
    "pred_object_heavy_rmsd": 0.0122092729434371,
    "pred_object_z_mae": 0.0948350727558136,
    "figure_path": "/root/autodl-tmp/micro/experiments/v20_graph_baseline_medium10_sup02_fulltest/samples/graph_baseline_sample_0443.png"
  },
  "median_sample": {
    "dataset_index": 465,
    "cid": "9942412",
    "gt_atom_count": 24,
    "pred_atom_count": 23,
    "pred_object_score": 0.5313420386228536,
    "pred_object_3d_score": 0.7442691216791787,
    "pred_object_count_mae": 1.0,
    "pred_object_count_score": 0.9583333333333334,
    "pred_object_center_score": 0.6512508216567411,
    "pred_object_type_acc": 0.43478260869565216,
    "pred_object_macro_f1": 0.3951612903225806,
    "pred_object_hetero_f1": 0.28571428571428575,
    "pred_object_edge_f1": 0.6222222222222222,
    "pred_object_edge_f1_robust": 0.9655172413793104,
    "pred_object_match_coverage_robust": 0.625,
    "pred_object_graph_score": 0.5935362263184845,
    "pred_object_heavy_rmsd": 0.03004647232592106,
    "pred_object_z_mae": 0.31315502524375916,
    "figure_path": "/root/autodl-tmp/micro/experiments/v20_graph_baseline_medium10_sup02_fulltest/samples/graph_baseline_sample_0465.png"
  },
  "worst_sample": {
    "dataset_index": 427,
    "cid": "9940735",
    "gt_atom_count": 10,
    "pred_atom_count": 10,
    "pred_object_score": 0.2637934469708051,
    "pred_object_3d_score": 0.30951878711375547,
    "pred_object_count_mae": 0.0,
    "pred_object_count_score": 1.0,
    "pred_object_center_score": 0.39964516319232646,
    "pred_object_type_acc": 0.1,
    "pred_object_macro_f1": 0.03636363636363636,
    "pred_object_hetero_f1": 0.0,
    "pred_object_edge_f1": 0.30769230769230765,
    "pred_object_edge_f1_robust": 0.0,
    "pred_object_match_coverage_robust": 0.1,
    "pred_object_graph_score": 0.3649650349650349,
    "pred_object_heavy_rmsd": 0.6249338388442993,
    "pred_object_z_mae": 0.35808658599853516,
    "figure_path": "/root/autodl-tmp/micro/experiments/v20_graph_baseline_medium10_sup02_fulltest/samples/graph_baseline_sample_0427.png"
  },
  "top5_samples": [
    {
      "dataset_index": 443,
      "cid": "9942181",
      "gt_atom_count": 16,
      "pred_atom_count": 16,
      "pred_object_score": 0.8372104259730309,
      "pred_object_3d_score": 0.8988119162562088,
      "pred_object_count_mae": 0.0,
      "pred_object_count_score": 1.0,
      "pred_object_center_score": 0.7497640750161736,
      "pred_object_type_acc": 0.75,
      "pred_object_macro_f1": 0.6944444444444443,
      "pred_object_hetero_f1": 1.0,
      "pred_object_edge_f1": 0.8666666666666666,
      "pred_object_edge_f1_robust": 1.0,
      "pred_object_match_coverage_robust": 0.75,
      "pred_object_graph_score": 0.892222222222222,
      "pred_object_heavy_rmsd": 0.0122092729434371,
      "pred_object_z_mae": 0.0948350727558136,
      "figure_path": "/root/autodl-tmp/micro/experiments/v20_graph_baseline_medium10_sup02_fulltest/samples/graph_baseline_sample_0443.png"
    },
    {
      "dataset_index": 476,
      "cid": "9942630",
      "gt_atom_count": 22,
      "pred_atom_count": 22,
      "pred_object_score": 0.8183227735942162,
      "pred_object_3d_score": 0.7947931910190053,
      "pred_object_count_mae": 0.0,
      "pred_object_count_score": 1.0,
      "pred_object_center_score": 0.7726603780892302,
      "pred_object_type_acc": 0.7272727272727273,
      "pred_object_macro_f1": 0.6686507936507937,
      "pred_object_hetero_f1": 0.9090909090909091,
      "pred_object_edge_f1": 0.888888888888889,
      "pred_object_edge_f1_robust": 1.0,
      "pred_object_match_coverage_robust": 0.7727272727272727,
      "pred_object_graph_score": 0.8766594516594517,
      "pred_object_heavy_rmsd": 0.014399238862097263,
      "pred_object_z_mae": 0.6093241572380066,
      "figure_path": ""
    },
    {
      "dataset_index": 175,
      "cid": "9899130",
      "gt_atom_count": 21,
      "pred_atom_count": 21,
      "pred_object_score": 0.81034280124652,
      "pred_object_3d_score": 0.8858964896273444,
      "pred_object_count_mae": 0.0,
      "pred_object_count_score": 1.0,
      "pred_object_center_score": 0.6666261398729277,
      "pred_object_type_acc": 0.6666666666666666,
      "pred_object_macro_f1": 0.7517241379310345,
      "pred_object_hetero_f1": 1.0,
      "pred_object_edge_f1": 0.7999999999999999,
      "pred_object_edge_f1_robust": 1.0,
      "pred_object_match_coverage_robust": 0.6666666666666666,
      "pred_object_graph_score": 0.8803448275862069,
      "pred_object_heavy_rmsd": 0.015120343305170536,
      "pred_object_z_mae": 0.011572370305657387,
      "figure_path": ""
    },
    {
      "dataset_index": 260,
      "cid": "99180",
      "gt_atom_count": 32,
      "pred_atom_count": 30,
      "pred_object_score": 0.8035501050232727,
      "pred_object_3d_score": 0.9059869664389295,
      "pred_object_count_mae": 2.0,
      "pred_object_count_score": 0.9375,
      "pred_object_center_score": 0.7994075227268088,
      "pred_object_type_acc": 0.7333333333333333,
      "pred_object_macro_f1": 0.683982683982684,
      "pred_object_hetero_f1": 0.8888888888888888,
      "pred_object_edge_f1": 0.8474576271186441,
      "pred_object_edge_f1_robust": 1.0,
      "pred_object_match_coverage_robust": 0.75,
      "pred_object_graph_score": 0.84555948406584,
      "pred_object_heavy_rmsd": 0.013519814237952232,
      "pred_object_z_mae": 0.0066611976362764835,
      "figure_path": ""
    },
    {
      "dataset_index": 25,
      "cid": "9877760",
      "gt_atom_count": 17,
      "pred_atom_count": 18,
      "pred_object_score": 0.7990298947413791,
      "pred_object_3d_score": 0.7566994785083497,
      "pred_object_count_mae": 1.0,